case_id,payload_kg,fin_scale,fin_thickness_m,fin_density_kg_m3,fin_shear_pa,wind_m_s,drag_factor,payload_station_m,drag_station_m,apogee_agl_m,apogee_asl_m,apogee_time_s,max_speed_m_s,max_airspeed_m_s,max_q_pa,max_q_time_s,rail_exit_s,rail_speed_m_s,stress_mpa,critical_time_s,critical_station_m,max_moment_nm,min_flutter_ratio,flutter_time_s,flutter_altitude_asl_m,min_stability_cal,max_mach,loaded_aoa_deg,force_residual_n,moment_residual_nm,samples,mass_nodes_per_group,admissible,reasons
case-001,0.0,0.85,0.003,2700.0,26000000000.0,0.0,1.0,0.45,0.8,3322.6160342468756,4722.616034246876,25.93996198113306,287.35418184837687,287.35418184837687,41942.47710396684,3.344781893206943,0.3670808838159223,26.27458185524628,3.439268571037602,1.0,-1.25499999,0.9258525206259418,2.590142585776568,3.344781893206943,1903.3002108242001,0.9027158909240154,0.8643843940971216,3.023630710955075,1.2561063307979701e-12,1.855919488213569e-16,1810,32,False,estabilidad estática
case-002,0.0,0.85,0.003,2700.0,26000000000.0,4.0,1.0,0.45,0.8,3309.700451449805,4709.700451449805,25.890182785999645,287.22890206900547,287.481672593437,41982.95044385614,3.33886860461872,0.3670840336809674,26.274439979099153,3.439268571037602,1.0,-1.25499999,3.1557839983310614,2.588897479111847,3.33886860461872,1900.840750095779,0.9028539604310146,0.8647603122687268,7.466122880585574,9.043884036381578e-13,2.3317227703946567e-15,1791,32,False,estabilidad estática
case-003,0.0,1.0,0.003,2700.0,26000000000.0,0.0,1.0,0.45,0.8,3305.5404327218675,4705.540432721868,25.8866148384711,285.9621034273234,285.9621034273234,41546.13680754218,3.3383886879434352,0.36780275535092566,26.208775641376906,3.4392685710376005,1.0,-1.25499999,0.7297343574030097,2.039456840554055,3.348616664359134,1901.7726126532325,2.2764127794320452,0.8601739686844841,1.8820309658820917,1.2270184868160776e-12,4.475696352649472e-16,1318,32,True,
case-004,0.0,1.0,0.003,2700.0,26000000000.0,4.0,1.0,0.45,0.8,3287.3401803086817,4687.340180308682,25.807429186045326,285.819389463446,286.12174109799656,41597.632169709075,3.341025735948406,0.3678030696300488,26.207934523317007,3.439268571037602,1.0,-1.25499999,3.6564757098493383,2.038196291882844,3.341025735948406,1898.4910797725322,2.276524134387067,0.8606410768435778,6.884520194388645,1.0487169308611448e-12,3.703332378000611e-15,1345,32,True,
case-005,0.0,1.15,0.003,2700.0,26000000000.0,0.0,1.0,0.45,0.8,3286.162764218412,4686.162764218412,25.83190656992988,284.34464262926133,284.34464262926133,41088.53198809602,3.3409764264509816,0.36867262246547233,26.12735300014492,3.4392685710376036,1.0,-1.25499999,0.6194622354477348,1.6629290344561933,3.3409764264509816,1896.6023161999576,3.2433067387789336,0.8552823074262113,1.4164622362022938,1.1017853346493662e-12,5.055586716400751e-16,1035,32,True,
case-006,0.0,1.15,0.003,2700.0,26000000000.0,4.0,1.0,0.45,0.8,3263.8910281948392,4663.891028194839,25.73163477992951,284.19272959147685,284.52922721794806,41147.00354435066,3.349149418887777,0.36867619565175963,26.12702499288539,3.439268571037602,1.0,-1.25499999,4.159691573675738,1.6617431324597522,3.3442276496731718,1896.1115935770288,3.2433993488707085,0.8558213709722295,7.005864113355763,9.414722130892734e-13,5.50619704075895e-15,1069,32,True,
case-007,3.0,0.85,0.003,2700.0,26000000000.0,0.0,1.0,0.45,0.8,2770.377564186706,4170.377564186706,24.294966472141734,245.1220932016332,245.1220932016332,30734.324208330152,3.3739920390648783,0.39248106685538003,24.225371455608602,3.4392685710376,1.0,-1.25499999,0.8564279130831973,3.025912671840836,3.3739920390648783,1834.3524749965627,1.6190741669122102,0.7367203266720175,2.7307298640115576,1.080691390843062e-12,4.283263872949871e-16,1543,32,True,
case-008,3.0,0.85,0.003,2700.0,26000000000.0,4.0,1.0,0.45,0.8,2756.9374040071416,4156.937404007142,24.23478243125587,244.99247592541388,245.2799686222789,30776.11113839575,3.3705134408997686,0.39248572568902795,24.22505211490668,3.439268571037602,1.0,-1.25499999,3.0658962059329893,3.023860703090082,3.3705134408997686,1832.681083746719,1.6192124968691568,0.7371876769053787,7.380792143814007,1.0695926359125402e-12,1.866066643863285e-15,1563,32,True,
case-009,3.0,1.0,0.003,2700.0,26000000000.0,0.0,1.0,0.45,0.8,2754.170032538019,4154.170032538019,24.235300146612236,244.03427577514466,244.03427577514466,30467.814091321008,3.3702520866273944,0.3931532170078017,24.173673859083657,3.439268571037602,1.0,-1.25499999,0.6998375047369376,2.381643245798018,3.3702520866273944,1831.44828045746,2.994770788206443,0.7334332192514171,1.8358283629486742,9.929835080929266e-13,5.003653683604858e-16,1145,32,True,
case-010,3.0,1.0,0.003,2700.0,26000000000.0,4.0,1.0,0.45,0.8,2735.999973204852,4135.999973204852,24.14801296071012,243.89295094281695,244.22966043916222,30520.31600704852,3.374081141267772,0.3931587395078566,24.173464006061177,3.4392685710376036,1.0,-1.25499999,3.4744408214637104,2.3795941922746846,3.374081141267772,1831.2248590470317,2.9948836374161583,0.7340143599355267,6.8838527671350285,7.933662000368552e-13,3.3665131113247418e-15,1153,32,True,
case-011,3.0,1.15,0.003,2700.0,26000000000.0,0.0,1.0,0.45,0.8,2735.6631026710756,4135.663102671076,24.1702313151451,242.76573500971287,242.76573500971287,30158.821286034068,3.37663452088545,0.39392183895508376,24.10248907113686,3.4392685710376014,1.0,-1.25499999,0.6031965214490529,1.9410807948584194,3.37663452088545,1830.6710672809081,3.9639302750429137,0.7296024701673811,1.2536031871571585,1.0995648842184657e-12,4.533849981713691e-16,806,32,True,
case-012,3.0,1.15,0.003,2700.0,26000000000.0,4.0,1.0,0.45,0.8,2713.7476897600836,4113.747689760084,24.062541317685902,242.61949355164703,242.99174593607853,30218.687050349778,3.369292635850993,0.3939255749480812,24.102216200522992,3.4392685710376014,1.0,-1.25499999,3.917637153128061,1.9391607612797266,3.369292635850993,1827.4868788946699,3.964022920050003,0.7302681789025108,6.955802023144405,1.2128103924063168e-12,5.2510391779451905e-15,946,32,True,
case-013,6.0,0.85,0.003,2700.0,26000000000.0,0.0,1.0,0.45,0.8,2288.2924170287756,3688.2924170287756,22.535308079484725,212.18805166894657,212.18805166894657,23162.4472725612,3.3827183170929045,0.4174383476410401,22.55414606414113,3.4392685710376014,1.0,-1.25499999,0.8346162043436458,3.4857058075719616,3.3829714401787405,1777.0674317723578,2.163339431451366,0.6372890686559829,2.516295257196936,1.1808332248849108e-12,3.4886923723461055e-16,1317,32,True,
case-014,6.0,0.85,0.003,2700.0,26000000000.0,4.0,1.0,0.45,0.8,2275.158271757789,3675.158271757789,22.469887618679955,212.0554769991478,212.37202923180172,23204.158861238517,3.387064564665008,0.4174433476507521,22.553847629705178,3.4392685710376014,1.0,-1.25499999,2.9361862616349694,3.482571551819552,3.387064564665008,1777.0933120162708,2.163477778436136,0.6378366889086625,7.259469817296896,9.581351583264859e-13,2.8952219100973965e-15,1334,32,True,
case-015,6.0,1.0,0.003,2700.0,26000000000.0,0.0,1.0,0.45,0.8,2274.517113101488,3674.517113101488,22.477056727618184,211.3240209810784,211.3240209810784,22977.616537211725,3.379045898344909,0.418161776490212,22.50880115018164,3.439268571037602,1.0,-1.25499999,0.7041579577274266,2.7425812154103015,3.379045898344909,1774.6450104154806,3.541186574741949,0.6346820767575201,1.70522460901026,1.0227375722044974e-12,4.441015214356414e-16,989,32,True,
case-016,6.0,1.0,0.003,2700.0,26000000000.0,4.0,1.0,0.45,0.8,2257.129325254794,3657.129325254794,22.385803394301764,211.1871962260266,211.55458458492865,23030.13879754432,3.3858488008414422,0.4181668639087257,22.508502041262865,3.439268571037602,1.0,-1.25499999,3.2848934729483377,2.739451626894966,3.3858488008414422,1774.923076617067,3.5412992160208727,0.6353669108258846,7.327540552106916,1.194822825000989e-12,4.865051704618265e-15,1004,32,True,
case-017,6.0,1.15,0.003,2700.0,26000000000.0,0.0,1.0,0.45,0.8,2259.140014089982,3659.140014089982,22.413672728723885,210.33407176991423,210.33407176991423,22766.571221921316,3.3782077930754757,0.4189611134909446,22.45801900809631,3.439268571037602,1.0,-1.25499999,0.6221378664837692,2.234173633360583,3.3782077930754757,1772.6728891907887,4.512806096735794,0.631689971849398,1.3663081226853275,9.459100381201199e-13,6.598514278841365e-16,788,32,True,
case-018,6.0,1.15,0.003,2700.0,26000000000.0,4.0,1.0,0.45,0.8,2238.167671839252,3638.167671839252,22.301655633496672,210.1841368978185,210.58931369948104,22824.9382305427,3.3883975088127634,0.41896587758277,22.4577292266444,3.4392685710376005,1.0,-1.25499999,3.682666319767335,2.2313142885629724,3.3883975088127634,1773.3841666265105,4.512898929626883,0.6324491987912926,7.201336535274769,1.0187419011709297e-12,5.086332815982961e-15,835,32,True,
