station_m,axial_n,shear_n,moment_nm,stress_mpa
-1.2550000099999998,-5.757616605706062e-13,1.3648496607342052e-15,6.321855152027836e-16,1.008021745615393e-15
-1.25499999,2033.9999999999998,1.3648496607342052e-15,5.61926053660783e-16,3.439268571037602
-1.2541494712816987,2033.9999999999998,1.3648496607342052e-15,5.513783672418035e-16,3.439268571037602
-1.2541494512816989,2030.9992992220025,0.010648973487701734,1.0648857764667517e-10,3.4341947185965775
-1.249972135077945,2030.9992992220025,0.010648973487701734,4.448423599219721e-05,3.434197144281914
-1.249972115077945,2025.3160027174924,0.0307768977668698,4.4484650250712714e-05,3.4245873197972028
-1.2422878610432362,2025.3160027174924,0.0307768977668698,0.00028098215091840845,3.42460021582385
-1.2422878410432363,2017.45559342485,0.05851064835130624,0.0002809830437939054,3.4113091349307103
-1.2311668726965934,2017.45559342485,0.05851064835130624,0.0009316781092686229,3.4113446168317028
-1.2311668526965935,2007.7063936933469,0.09272079420197359,0.0009316796215826575,3.3948598006755613
-1.2296700097999997,2007.7063936933469,0.09272079420197359,0.00107046807966124,3.394867368703336
-1.2227868511214952,2007.7063936933469,0.09272079420197359,0.001708680008698087,3.3949021699085087
-1.2227868311214953,2007.7063936933469,0.6681561855352501,0.0017086876161379481,3.3949021703233364
-1.2167134413689762,2007.7063936933469,0.6681561855352501,0.0057664212107672785,3.395123435412466
-1.2167134213689763,1996.2838676053327,0.7079454015290176,0.00576643497158229,3.3758092105107362
-1.2043400095999999,1996.2838676053327,0.7079454015290176,0.014526094072532317,3.3762868679780196
-1.1990633231956598,1996.2838676053327,0.7079454015290176,0.01826169444532826,3.3764905673905523
-1.19906330319566,1983.370787704148,0.7525334676410015,0.018261709050107894,3.354655981235395
-1.1790100093999998,1983.370787704148,0.7525334676410015,0.033352482690458464,3.3554788695045974
-1.1783823461542648,1983.370787704148,0.7525334676410015,0.033824820271076916,3.355504625709247
-1.178382326154265,1969.1334104839805,0.8011857481816829,0.033824835808266486,3.3314307996108883
-1.1548648271312292,1969.1334104839805,0.8011857481816829,0.05266671821671409,3.332458232953481
-1.1548648071312293,1953.7292394280184,0.8531992513116546,0.052666734760556305,3.3064114878498727
-1.1536800092,1953.7292394280184,0.8531992513116546,0.05367760269060521,3.306466609699897
-1.1287317396002883,1953.7292394280184,0.8531992513116546,0.07496343612743576,3.3076273098106284
-1.1287317196002884,1937.3111033596178,0.9078948126410828,0.0749634537383616,3.2798660623072857
-1.1283500089999998,1937.3111033596178,0.9078948126410828,0.07531000637827638,3.279884959555952
-1.1228933433333332,1937.3111033596178,0.9078948126410828,0.08026407903669155,3.2801551013241967
-1.1228933233333334,1902.0200211822792,1.025108709053521,0.08026409836667864,3.2204817937398857
-1.1030200087999997,1902.0200211822792,1.025108709053521,0.10063634629610158,3.221592676736208
-1.1002286351674353,1902.0200211822792,1.025108709053521,0.10349780119487069,3.2217487096689896
-1.1002286151674354,1884.738293915174,1.0818300851596565,0.10349782226419993,3.19252722534935
-1.09956001,1884.738293915174,1.0818300851596565,0.10422113709945181,3.192566667150483
-1.0995599900000002,1884.738293915174,2.290279506656817,0.10422112502128907,3.1925666664918704
-1.0922985323357373,1884.738293915174,2.290279506656817,0.08759585762698026,3.1916601034595704
-1.0922985123357374,1879.2921844420077,2.272489002967814,0.08759581201742069,3.1824513334476934
-1.0792374058843412,1879.2921844420077,2.272489002967814,0.05793259089109061,3.18083382083546
-1.0792373858843414,1866.6640237101196,2.231522534797185,0.057932545892874554,3.1594809981677816
-1.0776900085999999,1866.6640237101196,2.231522534797185,0.05448300372904971,3.1592928972891667
-1.0696233354793487,1866.6640237101196,2.231522534797185,0.03651071577564449,3.1583128822627633
-1.0696233154793489,1848.6678090607795,2.1734418580230845,0.036510671832105636,3.12788327542156
-1.0558674623645874,1848.6678090607795,2.1734418580230845,0.0070044022053730596,3.1262743212537725
-1.0558674423645875,1828.9647671140933,2.110322338077108,0.007004362313573639,3.0929586588419875
-1.0523600083999998,1828.9647671140933,2.110322338077108,0.0027033606877130195,3.092724128534391
-1.0372034153414005,1828.9647671140933,2.110322338077108,0.03296499186091246,3.094374271985804
-1.0372033953414006,1810.402464996898,2.0514569828268434,0.03296503335498066,3.0629874786349847
-1.0270300082,1810.402464996898,2.0514569828268434,0.053797787926922025,3.0641234727040096
-1.0224016526712245,1810.402464996898,2.0514569828268434,0.06328377618074939,3.0646407363408454
-1.0224016326712246,1783.8075681098019,1.9678010769112353,0.06328381634250173,3.0196717154168837
-1.0032735004170834,1783.8075681098019,1.9678010769112353,0.10090676810881163,3.021723266013237
-1.0032734804170835,1764.8270502242292,1.9087255846743465,0.10090680686332826,2.9896293159997125
-1.0017000079999998,1764.8270502242292,1.9087255846743465,0.10390936333100759,2.9897930430924218
-0.979151792486605,1764.8270502242292,1.9087255846743465,0.1469401361106008,2.992139478005499
-0.9791517724866049,1731.5884189716526,1.8066610363566964,0.14694017326037231,2.935936638432774
-0.9763700077999999,1731.5884189716526,1.8066610363566964,0.15196541728526994,2.936210661120843
-0.9681524047961355,1731.5884189716526,1.8066610363566964,0.1668106386308417,2.937020159612447
-0.9681523847961354,1712.33694885433,1.7479149311029203,0.16681067417423012,2.9044680592296683
-0.9510400075999998,1712.33694885433,1.7479149311029203,0.19672014548166522,2.9060989996747053
-0.932170135284111,1712.33694885433,1.7479149311029203,0.22970186922939892,2.907897467680185
-0.9321701152841109,1692.9609308373983,1.689993278503657,0.22970190360755674,2.875134770539317
-0.9265215390330588,1692.9609308373983,1.689993278503657,0.23924775539656357,2.8756552984886405
-0.9265215190330587,1653.3888484325985,1.5720927497772852,0.23924778801697485,2.808743294709226
-0.9257100073999999,1653.3888484325985,1.5720927497772852,0.24052355130927633,2.8088128610994283
-0.9003800071999999,1653.3888484325985,1.5720927497772852,0.2803444408847257,2.8109842635524642
-0.8956647905421405,1653.3888484325985,1.5720927497772852,0.2877571645609807,2.8113884736679564
-0.8956647705421404,1634.0334616859511,1.5154593807751229,0.28775719543641326,2.7786606615275677
-0.8750500069999998,1634.0334616859511,1.5154593807751229,0.318997997966041,2.7803641984392455
-0.8650022347515886,1634.0334616859511,1.5154593807751229,0.33422497429769943,2.781194513736352
-0.8650022147515884,1588.4973801845745,1.38464008831748,0.3342250032986442,2.7041980482794563
-0.8589793842036187,1588.4973801845745,1.38464008831748,0.34256443469375664,2.704652791053446
-0.8589793642036186,1569.3061373883236,1.3297113085538304,0.3425644618371327,2.6722025279375368
-0.8497200067999999,1569.3061373883236,1.3297113085538304,0.35487664132261,2.672873901606533
-0.8243900065999998,1569.3061373883236,1.3297113085538304,0.38855800530622286,2.674710520455468
-0.8224586218132924,1569.3061373883236,1.3297113085538304,0.3911261740202945,2.67485056071838
-0.8224586018132923,1550.420397642803,1.2768481114681949,0.3911262000856383,2.6429168693434573
-0.7990600063999999,1550.420397642803,1.2768481114681949,0.4210022808548726,2.6445459890281517
-0.7951682473447558,1550.420397642803,1.2768481114681949,0.42597140930528815,2.644816951777144
-0.7951682273447557,1499.345465352293,1.1363030448372775,0.42597143343609994,2.558454903243114
-0.7864456618699966,1499.345465352293,1.1363030448372775,0.435882437352676,2.5589953426568477
-0.7864456418699965,1480.9039250817552,1.0858419038318177,0.4358824595728373,2.527812743153656
-0.7737300061999999,1480.9039250817552,1.0858419038318177,0.4496886959166837,2.528565586592962
-0.7512788914041425,1480.9039250817552,1.0858419038318177,0.4740655413659407,2.5298948372091616
-0.7512788714041424,1463.0421075838963,1.0380518677722208,0.4740655626033627,2.499692484610095
-0.7484000059999999,1463.0421075838963,1.0380518677722208,0.4770537237179909,2.4998554267352846
-0.7230700057999999,1463.0421075838963,1.0380518677722208,0.5033455019412855,2.5012890971614703
-0.717671587744439,1463.0421075838963,1.0380518677722208,0.5089489252119785,2.50159464751871
-0.7176715677444389,1406.9051924243006,0.8911314001152122,0.5089489445013193,2.406673346710464
-0.7172887463838877,1406.9051924243006,0.8911314001152122,0.5092900223518437,2.4066919454230797
-0.7172887263838876,1389.7549557577445,0.8462700562936748,0.5092900397219746,2.3776927969341024
-0.6977400055999999,1389.7549557577445,0.8462700562936748,0.5258294591595554,2.37859467874341
-0.6847946068206722,1389.7549557577445,0.8462700562936748,0.5367822005902217,2.379191923301821
-0.6847945868206721,1373.444039774848,0.8045203855619978,0.5367822170938245,2.3516119730194434
-0.6724100053999998,1373.444039774848,0.8045203855619978,0.5467429925048212,2.352155126434452
-0.654101795738232,1373.444039774848,0.8045203855619978,0.5614682602570934,2.3529580839489572
-0.6541017757382319,1358.0956767751218,0.7660486616634913,0.5614682759580462,2.3270057040372545
-0.6470800051999999,1358.0956767751218,0.7660486616634913,0.5668455005465749,2.327298919954491
-0.6332358160106105,1358.0956767751218,0.7660486616634913,0.5774473852481595,2.327877032565567
-0.6332357960106104,1297.4209112567191,0.6162044401669154,0.5774473990635697,2.2252827294337
-0.6254987101827514,1297.4209112567191,0.6162044401669154,0.5822114320540912,2.2255425084851543
-0.6254986901827513,1283.1535322331015,0.5811803182872628,0.5822114440179902,2.2014179524674238
-0.6217500049999999,1283.1535322331015,0.5811803182872628,0.5843881110698758,2.2015366444460884
-0.5992541111862586,1283.1535322331015,0.5811803182872628,0.5974506153122443,2.202248932746452
-0.5992540911862585,1270.0806147708445,0.5496845373406009,0.5974506266100273,2.180144078810049
-0.5964200047999999,1270.0806147708445,0.5496845373406009,0.5990068425414721,2.1802289380667617
-0.5756145980382491,1270.0806147708445,0.5496845373406009,0.6104314873502551,2.180851915153093
-0.575614578038249,1258.3107452792328,0.5218119180001717,0.6104314980534292,2.1609503708853453
-0.5710900045999999,1258.3107452792328,0.5218119180001717,0.6127896616228196,2.1610789597293873
-0.554802290308652,1258.3107452792328,0.5218119180001717,0.6212788364260236,2.161541867896142
-0.5548022703086519,1247.9480209061078,0.4976469786597006,0.6212788466079171,2.144019650040923
-0.5457600043999999,1247.9480209061078,0.4976469786597006,0.6257727142205083,2.1442646971823014
-0.5426492831243717,1247.9480209061078,0.4976469786597006,0.6273187148817821,2.1443489994081952
-0.5426492631243716,1183.3019073383425,0.34846295726177995,0.6273187233236495,2.035039586577795
-0.5370127385311166,1183.3019073383425,0.34846295726177995,0.6292757133682263,2.0351462997383662
-0.5370127185311165,1174.4469152629738,0.328160454641136,0.629275720107936,2.0201734899084327
-0.5224130800660259,1174.4469152629738,0.328160454641136,0.6340465834231818,2.0204336414122355
-0.5224130600660258,1167.198793698093,0.3117342377139522,0.6340465897935541,2.0081778715053518
-0.5204300041999999,1167.198793698093,0.3117342377139522,0.6346618303022005,2.008211420096655
-0.5111404433342508,1167.198793698093,0.3117342377139522,0.6375439803864223,2.008368581521968
-0.5111404233342507,1161.6596151577644,0.29929533764635446,0.6375439864663462,1.9990024448509849
-0.5033005220904394,1161.6596151577644,0.29929533764635446,0.6398781959379806,1.9991297274965172
-0.5033005020904393,1157.944879498383,0.2910073291697201,0.639878201809226,1.9928485215221667
-0.4989650800459516,1157.944879498383,0.2910073291697201,0.6411328185048754,1.9929169348047326
-0.4989650600459516,1156.2163274192988,0.2871647475823803,0.6411328242539343,1.9899941451285508
-0.49510000399999987,1156.2163274192988,0.2871647475823803,0.642236367832305,1.9900543205103327
-0.4697700037999999,1156.2163274192988,0.2871647475823803,0.649469079009412,1.9904487146828265
-0.44675776925856797,1156.2163274192988,0.2871647475823803,0.6560407662054814,1.9908070637265134
-0.446757749258568,1088.2024481169856,0.14320687155829553,0.6560407704535743,1.875803132061015
-0.4444400035999999,1088.2024481169856,0.14320687155829553,0.6563634508690339,1.8758207275756593
-0.41911000339999993,1088.2024481169856,0.14320687155829553,0.659890532979799,1.876013056647888
-0.39378000319999995,1088.2024481169856,0.14320687155829553,0.6634186972750061,1.8762054447308014
-0.36845000299999997,1088.2024481169856,0.14320687155829553,0.6669479265803406,1.8763978908878973
-0.34645658642150606,1088.2024481169856,0.14320687155829553,0.6700131204070258,1.876565033547573
-0.3464565664215061,1017.4558296554525,0.035476648312501434,0.6700131217943358,1.7569403426783154
-0.3431200027999999,1017.4558296554525,0.035476648312501434,0.6700109452180402,1.7569402239912857
-0.3177900025999999,1017.4558296554525,0.035476648312501434,0.669995103213067,1.7569393601389505
-0.2924600023999999,1017.4558296554525,0.035476648312501434,0.669980466129742,1.7569385619900648
-0.26713000219999994,1017.4558296554525,0.035476648312501434,0.669967034047039,1.7569378295489355
-0.24268221889141828,1017.4558296554525,0.035476648312501434,0.6699552126355984,1.75693718493647
-0.2426821988914183,944.6370136579927,0.13670697613626284,0.6699552113148104,1.6338086375486998
-0.24180000199999996,944.6370136579927,0.13670697613626284,0.6698390989367257,1.63380230603011
-0.21647000179999987,944.6370136579927,0.13670697613626284,0.6665059127809551,1.6336205499550394
-0.1911400016,944.6370136579927,0.13670697613626284,0.6631740547377811,1.6334388663009258
-0.1658100013999999,944.6370136579927,0.13670697613626284,0.6598435449259853,1.6332572561648315
-0.14048000120000004,944.6370136579927,0.13670697613626284,0.6565144038643771,1.6330757206656312
-0.13640357935942116,944.6370136579927,0.13670697613626284,0.6559787659278212,1.6330465127413036
-0.13640355935942117,870.4258894150988,0.25436065518083917,0.6559787620986236,1.5075637262837531
-0.11515000099999995,870.4258894150988,0.25436065518083917,0.6506334557342107,1.5072722508427057
-0.08982000079999986,870.4258894150988,0.25436065518083917,0.6442642416358122,1.5069249425011635
-0.06449000059999999,870.4258894150988,0.25436065518083917,0.6378965086362126,1.506577714922799
-0.039160000399999895,870.4258894150988,0.25436065518083917,0.6315303015372615,1.506230570550622
-0.028612962359117748,870.4258894150988,0.25436065518083917,0.6288799678755904,1.5060860498963706
-0.028612942359117745,795.5153458899671,0.3607223022145089,0.628879961775822,1.3794206228256383
-0.013830000200000026,795.5153458899671,0.3607223022145089,0.623577532521286,1.3791314854403838
0.011500000000000066,795.5153458899671,0.3607223022145089,0.6144932362071297,1.3786361257557818
0.036830000199999935,795.5153458899671,0.3607223022145089,0.6054105290374849,1.3781408527260066
0.062160000400000026,795.5153458899671,0.3607223022145089,0.5963294836252381,1.3776456703105833
0.07968322058196259,795.5153458899671,0.3607223022145089,0.590048255653833,1.3773031597848115
0.07968324058196258,720.6048023648352,0.4535430958176717,0.590048247549711,1.2506377326047828
0.08749000060000012,720.6048023648352,0.4535430958176717,0.586519784098512,1.2504453282091235
0.11282000079999999,720.6048023648352,0.4535430958176717,0.5750722832104501,1.249821104798384
0.13815000100000008,720.6048023648352,0.4535430958176717,0.5636264404014703,1.2491969718014204
0.16348000119999995,720.6048023648352,0.4535430958176717,0.5521823587794356,1.2485729348406251
0.187473837582266,720.6048023648352,0.4535430958176717,0.5413436807968403,1.2479819100742278
0.18747385758226598,646.3936781219414,0.5319558734397035,0.5413436709726442,1.122499123289775
0.18881000140000004,646.3936781219414,0.5319558734397035,0.540634543615107,1.1224604551208792
0.21414000160000013,646.3936781219414,0.5319558734397035,0.5271920698984572,1.1217274473775967
0.2394700018,646.3936781219414,0.5319558734397035,0.5137512711153732,1.1209945309671523
0.2648000020000001,646.3936781219414,0.5319558734397035,0.5003122822562335,1.1202617132504669
0.29013000219999996,646.3936781219414,0.5319558734397035,0.4868752531965016,1.1195290024001348
0.2937524771142631,646.3936781219414,0.5319558734397035,0.48495377660431827,1.119424225760783
0.2937524971142631,573.5748621244817,0.5957654775131422,0.48495376535193097,0.9962956778314498
0.31546000240000005,573.5748621244817,0.5957654775131422,0.47204243018580105,0.9955916326644381
0.3407900025999999,573.5748621244817,0.5957654775131422,0.4569780023910767,0.9947701810139151
0.3661200028,573.5748621244817,0.5957654775131422,0.44191537005427645,0.9939488272683304
0.3914500030000001,573.5748621244817,0.5957654775131422,0.42685472324706,0.9931275817921457
0.3975268446443509,573.5748621244817,0.5957654775131422,0.4232418891151948,0.9929305767282212
0.3975268646443509,502.828243662948,0.6453211487921853,0.42324187672389635,0.8733058851076259
0.41678000319999997,502.828243662948,0.6453211487921853,0.4108314162886701,0.8726291522540995
0.44211000340000006,502.828243662948,0.6453211487921853,0.3945051886110813,0.8717388956273416
0.46744000359999993,502.828243662948,0.6453211487921853,0.3781806678194535,0.8708487320757612
0.4927700038,502.828243662948,0.6453211487921853,0.3618580849223395,0.8699586741960766
0.4978280274814128,502.828243662948,0.6453211487921853,0.3585989636483395,0.869780956821991
0.4978280474814128,434.81436436063507,0.6814488010749138,0.3585989503952499,0.7547770242021669
0.5181000039999999,434.81436436063507,0.6814488010749138,0.344794722910844,0.7540242903044192
0.5434300042,434.81436436063507,0.6814488010749138,0.3275474045923999,0.7530838073141034
0.5687600044000001,434.81436436063507,0.6814488010749138,0.31030161873582096,0.7521434078877531
0.5937195413472165,434.81436436063507,0.6814488010749138,0.29330982279683543,0.7512168583360791
0.5937195613472166,370.16825079287,0.7053835728357362,0.29330980893838,0.6419074442896596
0.5940900045999999,370.16825079287,0.7053835728357362,0.2930486054249972,0.6418932010631585
0.6194200048,370.16825079287,0.7053835728357362,0.2751886056182176,0.6409193090229474
0.6447500049999999,370.16825079287,0.7053835728357362,0.25732962853342184,0.6399454727509786
0.6700800052,370.16825079287,0.7053835728357362,0.23947190298380583,0.6389717047242597
0.6843060742334554,370.16825079287,0.7053835728357362,0.22944314022089754,0.6384248440112906
0.6843060942334555,309.49348527446716,0.7186923702881652,0.2294431259856427,0.5358305393498421
0.6954100054000001,309.49348527446716,0.7186923702881652,0.22146403694851685,0.5353954457672294
0.7207400056,309.49348527446716,0.7186923702881652,0.2032626676295777,0.5344029391103183
0.7460700058,309.49348527446716,0.7186923702881652,0.18506190983626417,0.5334104657994289
0.7687418459672838,309.49348527446716,0.7186923702881652,0.16877184154062322,0.5325221809159318
0.7687418659672839,253.35657011487163,0.7231858110309528,0.168771827123847,0.4376008782697169
0.7714000059999999,253.35657011487163,0.7231858110309528,0.16684951573380735,0.4374960561094805
0.7967300061999998,253.35657011487163,0.7231858110309528,0.14853141135503933,0.4364971839796237
0.79999999,253.35657011487163,0.7231858110309528,0.14616663381515066,0.43636823448086204
0.8000000100000001,233.79393648809977,0.7231858110309528,0.14616661935161054,0.4032899883631302
0.8220600064000001,233.79393648809977,0.7231858110309528,0.13021336109785467,0.40242006947192904
0.8462385055676006,233.79393648809977,0.7231858110309528,0.11272812356971537,0.401466612930267
0.8462385255676007,182.71900419758964,0.7208220110155644,0.1127281091303854,0.31510456229303657
0.8473900066,182.71900419758964,0.7208220110155644,0.11189816588446197,0.3150593061267557
0.8727200067999998,182.71900419758964,0.7208220110155644,0.09364158805747809,0.3140637889924024
0.8980500070000002,182.71900419758964,0.7208220110155644,0.07538590335247358,0.31306832055930306
0.9160724929744334,182.71900419758964,0.7208220110155644,0.06239782135085005,0.31236009044643426
0.9160725129744335,137.1829226962131,0.713606226704381,0.0623978070150051,0.23536362262641713
0.9233800072,137.1829226962131,0.713606226704381,0.05718829909510575,0.23507955217000642
0.9487100073999999,137.1829226962131,0.713606226704381,0.03914120856921371,0.23409545821691097
0.9740400075999998,137.1829226962131,0.713606226704381,0.021142961240333245,0.23311402764574737
0.9775917972559036,137.1829226962131,0.713606226704381,0.018631218717273666,0.23297706425959216
0.9775918172559037,97.61084029141318,0.7034915348520937,0.01863120471129546,0.16606505793767679
0.99885499,97.61084029141318,0.7034915348520937,0.004558291372824935,0.16529767280715088
0.9988550100000001,97.61084029141318,0.05549628308347332,0.004558285525836569,0.1652976724883191
0.9993700078000001,97.61084029141318,0.05549628308347332,0.004529714577724668,0.16529611453651347
1.024700008,97.61084029141318,0.05549628308347332,0.00312467654148632,0.1652194988940448
1.03022205070945,97.61084029141318,0.05549628308347332,0.002818462963679578,0.16520280130338091
1.0302220707094498,64.37220903883664,0.03901796337475528,0.002818462019040033,0.10899995965339715
1.0500300081999998,64.37220903883664,0.03901796337475528,0.0020456581113761857,0.1089578192512437
1.0734719108940696,64.37220903883664,0.03901796337475528,0.0011311840900328162,0.10890795368685394
1.0734719308940694,37.777312151740475,0.024048044181145235,0.001131183459515277,0.06393893053852165
1.0753600084000001,37.777312151740475,0.024048044181145235,0.0010857794150832668,0.0639364546909324
1.1006900086,37.777312151740475,0.024048044181145235,0.0004766592250450987,0.06390323983589163
1.1069377205874324,37.777312151740475,0.024048044181145235,0.0003264277332938132,0.0638950478282999
1.1069377405874323,18.07427020505441,0.011916557924010873,0.00032642737368006623,0.030579387572174745
1.1260200087999999,18.07427020505441,0.011916557924010873,9.903308722432481e-05,0.030566987936790392
1.1303076641071863,18.07427020505441,0.011916557924010873,4.7940016450862494e-05,0.030564201870974347
1.1303076841071862,5.446109473166249,0.0036704259367371997,4.793986058594908e-05,0.00921138164851539
1.1433687905585823,5.446109473166249,0.0036704259367371997,3.670425914430292e-11,0.009208767526824875
1.1433688105585822,-0.0,0.0,0.0,0.0
1.1513500089999997,-0.0,0.0,0.0,0.0
1.1766800092,-0.0,0.0,0.0,0.0
1.2020100094,-0.0,0.0,0.0,0.0
1.2273400095999998,-0.0,0.0,0.0,0.0
1.2526700098,-0.0,0.0,0.0,0.0
1.27800001,-0.0,0.0,0.0,0.0
